id, email, password, role, createAt, updateAt, deleteAt, orderNo
1,leia.schroeder@gmail.test,$2a$10$2I6Wc5tvO21hRYgKLH/IN.XFK0J4z3fgLWWYt/E7qpQrcxT4fxfSW,USER,2022-10-03T23:43:32.168453,2022-10-03T23:43:32.168453,,
2,damien.gibson@gmail.test,$2a$10$offi5xz.UIHT5OUMSmPXb.Qx2.yX9xZHbC/F7CjljVnLLEax/AeBS,USER,2022-10-03T23:43:32.180591,2022-10-03T23:43:32.180591,,
3,michell.kassulke@gmail.test,$2a$10$Dub46qGST0icIZYYVABVsuD0qk/LMAUxzW1KsCInu8TWVQZha7C.a,USER,2022-10-03T23:43:32.182521,2022-10-03T23:43:32.182521,,
4,cathi.funk@yahoo.test,$2a$10$HEeyfe1rv4pN70SD36DNV..REjd8vlanU/2lZ.GvEZRkTl0AC4EJm,USER,2022-10-03T23:43:32.184320,2022-10-03T23:43:32.184320,,
5,karolyn.wilkinson@hotmail.test,$2a$10$4X5cJ.bQsaZee8Yzov1ZvOMQ.jYESQqQ0CBrUmOXtjm4.jGWlAd/y,USER,2022-10-03T23:43:32.186339,2022-10-03T23:43:32.186339,,
6,horace.macgyver@gmail.test,$2a$10$ulcApNiqUn5v5mU03ctxGOaBM3xOmn/AG2Jr0fyy3a/.W1pYa3eGS,USER,2022-10-03T23:43:32.187915,2022-10-03T23:43:32.187915,,
7,teddy.rohan@yahoo.test,$2a$10$yilpt.6euN6cC2Z3CsSwmuymH50i3CiPBJSb.JMHPEhm1WJ3FX11m,USER,2022-10-03T23:43:32.190816,2022-10-03T23:43:32.190816,,
8,msgr.natalia.huel@yahoo.test,$2a$10$uB9LMykyy.sJKHnR/9dE3.r49L8h7kEaN90SdN2iQJwg83u47U2KC,USER,2022-10-03T23:43:32.194013,2022-10-03T23:43:32.194013,,
9,mr.sid.reilly@yahoo.test,$2a$10$parPmX8Uct.NHYS3cM1PA.x5QeJXQAqvCGFxNaUEUmKKS05HqtNBS,USER,2022-10-03T23:43:32.195661,2022-10-03T23:43:32.195661,,
10,rev.connie.kunde@hotmail.test,$2a$10$aB9NX1FsQ9/HpS20G/Z8K.f8XXdubRrveYN7pMcv1Hk5EhWM0j/am,USER,2022-10-03T23:43:32.197257,2022-10-03T23:43:32.197257,,
11,vern.robel@hotmail.test,$2a$10$W4sDo1n1SZMHz1v9YlG/5OXsQSq11SeTbVo6z1v5qf.RXbIliE9.6,USER,2022-10-03T23:43:32.198871,2022-10-03T23:43:32.198871,,
12,danna.oberbrunner.phd@gmail.test,$2a$10$G8WpH2wg5UKV.KFthdnrcOMYsO3.qL.On9HYW2nu.TbBHLBluqXlW,USER,2022-10-03T23:43:32.200689,2022-10-03T23:43:32.200689,,
13,rev.stefan.windler@hotmail.test,$2a$10$Wj2gzY2DgA2PEdP4Wl5kR.9ZiKPGv0/F25afkDizuTrO8LRwEQRh.,USER,2022-10-03T23:43:32.202358,2022-10-03T23:43:32.202358,,
14,rep.alvaro.kilback@yahoo.test,$2a$10$d4UMv8SnlGJzA5qFI/rU1OpdQEyKm3x0iv97Vc/FYtFhFUflvwrm.,USER,2022-10-03T23:43:32.203995,2022-10-03T23:43:32.203995,,
15,dudley.franecki.cpa@yahoo.test,$2a$10$kM0jbBJzfr5MJNtappkf2OOUf618LKsUZGCuuvoDRVDeXH8FeOq.K,USER,2022-10-03T23:43:32.205776,2022-10-03T23:43:32.205776,,
16,prof.bobby.cruickshank@gmail.test,$2a$10$baTCFL1opjYJ3JqPq7SNsO28QVCs.i8tEx1T7eFQ4N59O9hVwtv1i,USER,2022-10-03T23:43:32.209087,2022-10-03T23:43:32.209087,,
17,keven.doyle@gmail.test,$2a$10$ikC04WrDqhzjsIPX8KiNPuX76X4IwyloQgNb9IDiJnQALItti0oAW,USER,2022-10-03T23:43:32.211011,2022-10-03T23:43:32.211011,,
18,jaye.beahan@yahoo.test,$2a$10$0k1qC/f8YF.J3cPCFYsQnuX73b.CGG3B5ZYh5uXGd/BazJxDLOCbu,USER,2022-10-03T23:43:32.214701,2022-10-03T23:43:32.214701,,
19,prof.kurtis.dooley@yahoo.test,$2a$10$hmou47zQBNXwa6Ia9oyNYOWx5jxt/lIVHJn5XME.UZqU7b4ov2j2q,USER,2022-10-03T23:43:32.217219,2022-10-03T23:43:32.217219,,
20,demetrius.gislason.i@gmail.test,$2a$10$GniUOO5avGSpsuYp0QrIX.Bg9TB4acH8tgMNYgCKeP7wLBgsFopZC,USER,2022-10-03T23:43:32.219205,2022-10-03T23:43:32.219205,,
21,msgr.abram.kihn@gmail.test,$2a$10$JN2.Iw02T9rHBiC/DNyisuKa6H6ZCjkFJ/Xqo7jBLdDDjmarY8S6i,USER,2022-10-03T23:43:32.220537,2022-10-03T23:43:32.220537,,
22,annetta.o'hara@gmail.test,$2a$10$JkBMDnkNsMDWZnZ8E6OZzucfvv5TOrGMxIBG5Du0bC.qWYjm/k5bq,USER,2022-10-03T23:43:32.221901,2022-10-03T23:43:32.221901,,
23,fr.curt.dooley@hotmail.test,$2a$10$MhWEJnczdfW/Ba4LVg.ysOnrbfsTmbM74lL3OEULYWlialqev2DjW,USER,2022-10-03T23:43:32.224107,2022-10-03T23:43:32.224107,,
24,carmelina.nikolaus@yahoo.test,$2a$10$pz/406eQMRNVBcpudRNUTeWj1ILZuCKBTYWvj8c.j/nj8n1XFDA4G,USER,2022-10-03T23:43:32.225956,2022-10-03T23:43:32.225956,,
25,azzie.schaden@hotmail.test,$2a$10$zBQOQfmJZQf.PHbuVOlkf.j6RS./pqh/2pH20xV2XUY40HNtzPH62,USER,2022-10-03T23:43:32.227452,2022-10-03T23:43:32.227452,,
26,casey.walker.phd@hotmail.test,$2a$10$ZtM6xM9gREmgfXEcccW56e.ZgLv/dHDv.BlqKQ1X03M1uN.PBZ0sy,USER,2022-10-03T23:43:32.228961,2022-10-03T23:43:32.228961,,
27,danette.orn@hotmail.test,$2a$10$AtTxKB44O2BaRFMXhG/uZ.cKf5YNBNUutzJtT3/WRLSLn4FDo.STi,USER,2022-10-03T23:43:32.230411,2022-10-03T23:43:32.230411,,
28,mike.marvin@yahoo.test,$2a$10$mJNtI3D/FJb28BzM6J/L9.yA5LoTI..LLaVBKbqaf9nqr2ik2WquW,USER,2022-10-03T23:43:32.231809,2022-10-03T23:43:32.231809,,
29,dillon.sauer@hotmail.test,$2a$10$W/eIneOZCN1fdNkzoVPBLeyKPnF/xjDeG27.6HMpt0N2Wfb1C0m/.,USER,2022-10-03T23:43:32.233208,2022-10-03T23:43:32.233208,,
30,benedict.pfeffer@gmail.test,$2a$10$.ci.h27XR.x.2jFSd73xwu/X0VG8osF8XSUKM6MUa5dDej/I4aJx6,USER,2022-10-03T23:43:32.234910,2022-10-03T23:43:32.234910,,
31,faustina.legros@gmail.test,$2a$10$98yKYQRsfmGFBFizQLSwLO5TaLlV/WKDAAluhGX26FkxhRGEGwe4a,USER,2022-10-03T23:43:32.236903,2022-10-03T23:43:32.236903,,
32,johnie.hayes.iii@gmail.test,$2a$10$jixOjBoL5ZBDorNlJn2SweI0wJFdS5izxfATbInuvJRw1TayAmNwK,USER,2022-10-03T23:43:32.238253,2022-10-03T23:43:32.238253,,
33,agnus.harvey@gmail.test,$2a$10$SipwZhM2NGetfqV0YILInOgLVBduJm4t6X4CYTvsY4TGYLfOzu4IO,USER,2022-10-03T23:43:32.240297,2022-10-03T23:43:32.240297,,
34,jim.medhurst.i@hotmail.test,$2a$10$BuS0LiIOZ5X.jJTp8ceXc.xVgGF1W9vkIDuPPvS2TmGvqCWQwOdSW,USER,2022-10-03T23:43:32.245146,2022-10-03T23:43:32.245146,,
35,lawrence.cremin@gmail.test,$2a$10$a19028mLWKX76pCxb0CN.OMS7NxGsMD8AHvWdK2Ymdn3C911L7Mgm,USER,2022-10-03T23:43:32.253454,2022-10-03T23:43:32.253454,,
36,bertha.franecki@gmail.test,$2a$10$cMda/rJhpIDyNxyG1wp5GOTTKysRjdBR4X.p3X96AmNKiNNaZg3QO,USER,2022-10-03T23:43:32.255330,2022-10-03T23:43:32.255330,,
37,lisha.schroeder.ii@gmail.test,$2a$10$9Xi6KMthsm7ngdhxHrPR.u.VU.NL9La1FrQ4g2axc.R1uTXyCJK1m,USER,2022-10-03T23:43:32.260088,2022-10-03T23:43:32.260088,,
38,millie.konopelski@gmail.test,$2a$10$qDP2SZQ3Uree7Hre/G8VOOkqLfXniP8a.niSyHOlh1yXHbkipcmzu,USER,2022-10-03T23:43:32.261483,2022-10-03T23:43:32.261483,,
39,marshall.kihn@yahoo.test,$2a$10$YtgtDEtZ.N/yxhdkhV1H7O7Jy9owBbK.CI972TVsr.ShqoEeQooRO,USER,2022-10-03T23:43:32.263256,2022-10-03T23:43:32.263256,,
40,mr.dick.schmitt@gmail.test,$2a$10$szkcV2I0uGPLxyMs5/mrYuhmufJD8GvjDfcoroDGfINhNporIva4e,USER,2022-10-03T23:43:32.264944,2022-10-03T23:43:32.264944,,
41,stacy.leuschke@gmail.test,$2a$10$gXfv.xOwuuA6k669mNug/Oyx3f2hYhsLWweE2G2HwTB/acdm6gsh.,USER,2022-10-03T23:43:32.266284,2022-10-03T23:43:32.266284,,
42,lurlene.okuneva.jd@gmail.test,$2a$10$A.6H6vCNsSil./JPhHMtTeBsAkSaHuPt3ASvPqJBeZfz/UsUzKp6m,USER,2022-10-03T23:43:32.267670,2022-10-03T23:43:32.267670,,
43,leighann.kuhic@gmail.test,$2a$10$OIPK8lYrrzULhGuB5tFdPuXvNeOs38AtqpvT8Ie0F2Aw9K.GrJLxa,USER,2022-10-03T23:43:32.268940,2022-10-03T23:43:32.268940,,
44,ja.zemlak@hotmail.test,$2a$10$IcfLAfT5x6clNE2gqRKe2uqZJQTYL6iupHoFz9kf9mqdJ55zKPFl.,USER,2022-10-03T23:43:32.270326,2022-10-03T23:43:32.270326,,
45,rodolfo.leffler@yahoo.test,$2a$10$TySRSyFa3ZJUuVfQwx6pdOM9wTGL.yvmr/BLiOjRkUZxVx8a06oGu,USER,2022-10-03T23:43:32.271627,2022-10-03T23:43:32.271627,,
46,gennie.brown.phd@hotmail.test,$2a$10$TgKUlLkuRyKYYvMAaGVGF.7ks3Hr5tqXVjKN8sUqpEeoy/cG3gC0C,USER,2022-10-03T23:43:32.275131,2022-10-03T23:43:32.275131,,
47,paris.daniel@gmail.test,$2a$10$9Dam7z5R8Xv1XXPPJCWtvu/E5wxAKvlCPKR2E0UvF2RRoTFRbQBz2,USER,2022-10-03T23:43:32.277603,2022-10-03T23:43:32.277603,,
48,magdalene.treutel@gmail.test,$2a$10$EjNR4N2SKeHtH6z0/cgIUeFgFcDOIMovCB4v3k2WXNJXPH5BqhS2y,USER,2022-10-03T23:43:32.279050,2022-10-03T23:43:32.279050,,
49,dr.darrell.hessel@yahoo.test,$2a$10$tUug9IuewqOcCy5v/V8EnOVKYrkayMu1BQxKj.aceaw/i35Un39em,USER,2022-10-03T23:43:32.280366,2022-10-03T23:43:32.280366,,
50,willie.hackett@gmail.test,$2a$10$r1rOTicZc6IMS0kMzjQz8OQgUGoRD5vz/XynCcFoRpZcJQz27Q5kK,USER,2022-10-03T23:43:32.281653,2022-10-03T23:43:32.281653,,
51,emory.jakubowski@yahoo.test,$2a$10$1TIT/OUSLeh5r9vm97KP5O0aYwBlElS6sSybpIPl4zHRYPXJLKTha,USER,2022-10-03T23:43:32.282987,2022-10-03T23:43:32.282987,,
52,marco.hermiston@hotmail.test,$2a$10$pmOhDum7x0XSLYJf2DTDp.LVQnadYINtqVQMv4M8bcm7X7859l4jq,USER,2022-10-03T23:43:32.284305,2022-10-03T23:43:32.284305,,
53,rev.frank.reilly@hotmail.test,$2a$10$knpq31WbLhrO4mht/B7Ot.BBhEfOxFmbVVxYlS/zdz14/2dZkS4FG,USER,2022-10-03T23:43:32.285595,2022-10-03T23:43:32.285595,,
54,celia.casper@yahoo.test,$2a$10$0AYwYFpin55fcn.DLv/J8u5IknsiPF9.v3FjJQVs/8drivsNYjuu6,USER,2022-10-03T23:43:32.286895,2022-10-03T23:43:32.286895,,
55,lindsey.bergstrom@hotmail.test,$2a$10$mXwcuJKIoVX15TAS.96K4OkjzFPw2cKN2OcXZ6PYsXPXkpa9Qs5EC,USER,2022-10-03T23:43:32.288197,2022-10-03T23:43:32.288197,,
56,isabell.rowe.do@yahoo.test,$2a$10$BlusyQCD6oSTzEfCfuPLFeuUScpD5QJM6v4oZ591qRsmEtpQAI9Nm,USER,2022-10-03T23:43:32.291931,2022-10-03T23:43:32.291931,,
57,tammy.braun@gmail.test,$2a$10$3zLrfrAJMXPnumPj7X.PjOKNrgPx2FLzOGqzYPkr76vDyBsrYAVYm,USER,2022-10-03T23:43:32.293683,2022-10-03T23:43:32.293683,,
58,prof.zenia.homenick@yahoo.test,$2a$10$HwQ0bOYkU0zczFhc8vnlw.wieRChiD4VoulWWzNTTCZYSI4Qpvfx6,USER,2022-10-03T23:43:32.295279,2022-10-03T23:43:32.295279,,
59,salena.hodkiewicz@yahoo.test,$2a$10$e82SXELndmppa8cDdxYhv.1w84G1eoUly6AENRA9dirg1aye7Lagi,USER,2022-10-03T23:43:32.296489,2022-10-03T23:43:32.296489,,
60,brandon.miller.dds@gmail.test,$2a$10$f.TpjsejVmKpenFZ/HxgxuszbRNFWqXRizOuOs3ZdoW8kHVoEVYJm,USER,2022-10-03T23:43:32.297693,2022-10-03T23:43:32.297693,,
61,keisha.hyatt@gmail.test,$2a$10$TkhVY.shB0bMM.CuLYCj4OQqII/I4iH9xSSP2Aat5u8pGCyRFFH0e,USER,2022-10-03T23:43:32.298968,2022-10-03T23:43:32.298968,,
62,rocky.runolfsson@hotmail.test,$2a$10$C7MaaE7nKNW2urUYKyXnDu1maRpNQTfrGW3VbbGzeUjya298V3C/W,USER,2022-10-03T23:43:32.300257,2022-10-03T23:43:32.300257,,
63,maragaret.schoen@yahoo.test,$2a$10$o6.xBjvNH4RZX3e1AJ3LRe2tqeaYGUWBF0UGXjn1LC4cfEmgtWfbG,USER,2022-10-03T23:43:32.301548,2022-10-03T23:43:32.301548,,
64,dylan.schmidt@hotmail.test,$2a$10$7d4YiG2Q8Jjq/VVIdfA1duBjX7rX3JPMNXQSZUgaY.pHjM7A43BFa,USER,2022-10-03T23:43:32.302861,2022-10-03T23:43:32.302861,,
65,jamel.west@gmail.test,$2a$10$5DBeWzLURnqzAFebgLUQEOU8GUCiQO.olPruwLM/.0VZc92s8bouq,USER,2022-10-03T23:43:32.304795,2022-10-03T23:43:32.304795,,
66,louie.lockman@gmail.test,$2a$10$UTXRIbF7b1rTixqBKvomm.yagxkynVbitEJFC0HE7MCx6Fhg9h4iG,USER,2022-10-03T23:43:32.305927,2022-10-03T23:43:32.305927,,
67,huong.brown@gmail.test,$2a$10$lKyjU3wZ2Ijx/.5apAgmreJH9Wvwf61UjD4cv8C6g5peSrru9oUzm,USER,2022-10-03T23:43:32.311750,2022-10-03T23:43:32.311750,,
68,barrie.hirthe@gmail.test,$2a$10$Dl0aJ7bpFoQmTg4/akMUdOcPgTlp7xDi9JZrYmE808q4JXVWg5TCi,USER,2022-10-03T23:43:32.313064,2022-10-03T23:43:32.313064,,
69,sophie.grady.i@hotmail.test,$2a$10$t61SaO5GCmmdxFm2hiup3eaMfjuZlX.bKn1Ayo4ZqF4SXCzipqTGK,USER,2022-10-03T23:43:32.314272,2022-10-03T23:43:32.314272,,
70,lupe.lehner@yahoo.test,$2a$10$CQsIFvLF4POhnrzeAg5.yOXXmIjV1eOFaKM6PJ/mYQAcjHIwKduKq,USER,2022-10-03T23:43:32.315455,2022-10-03T23:43:32.315455,,
71,sidney.larkin@gmail.test,$2a$10$jv6CFVuYyvO5NwF1n3ykjeXNxevuzYSuYXluMSiOXsDSxOMFRwSqG,USER,2022-10-03T23:43:32.316884,2022-10-03T23:43:32.316884,,
72,tyrell.bode@yahoo.test,$2a$10$K8AYicpJYPrOnmmzlBQyve0MI./W2BBdOYkGovZcCKeoI0MmzywOO,USER,2022-10-03T23:43:32.318366,2022-10-03T23:43:32.318366,,
73,rosalia.hilpert@gmail.test,$2a$10$FT.WnYl0.gJvzCpnGpK2MOmxZgwGzqBiBzRu3/2kpmORiDNWlSGRq,USER,2022-10-03T23:43:32.319533,2022-10-03T23:43:32.319533,,
74,msgr.ferdinand.stamm@yahoo.test,$2a$10$KN.vXd59VQyv9Hvbkm6hWelUFpvMS1G7JsqTvU4WEWSIhFdEFRFlm,USER,2022-10-03T23:43:32.320761,2022-10-03T23:43:32.320761,,
75,pres.doreatha.steuber@hotmail.test,$2a$10$OUx1r9gZGmz3iL6d9Dsd4Ox2Li7rs24HVLJNk0nVMQNTD3TRT3lpK,USER,2022-10-03T23:43:32.322051,2022-10-03T23:43:32.322051,,
76,fr.neoma.wilderman@hotmail.test,$2a$10$msDMh6/I2Iy5RSCOYDEVluqSFCleSYFXPH3cMCJqdJFu0OoDO9p6e,USER,2022-10-03T23:43:32.326992,2022-10-03T23:43:32.326992,,
77,wava.harvey@hotmail.test,$2a$10$0d6ZKcA0Wqanwx1CGM1KCuvrxCc50aDJsz1GHXYyjNN284UbD2pd.,USER,2022-10-03T23:43:32.329807,2022-10-03T23:43:32.329807,,
78,jodee.botsford@yahoo.test,$2a$10$prLp4mOxxDktsrwidm/7J.JQQom9SgmnG.DBuRIrsEOQc/Up/0kH.,USER,2022-10-03T23:43:32.331057,2022-10-03T23:43:32.331057,,
79,lee.rice@yahoo.test,$2a$10$nd3uHBEZaXYa3NRlxfkP..Hi5nVFupwG9Xpoa9EcqZwKUIbpuyJL.,USER,2022-10-03T23:43:32.332201,2022-10-03T23:43:32.332201,,
80,harry.rice@yahoo.test,$2a$10$oY1HQjUW9dic8JAk0F/Q9uvIArTXIHVajJYVLe8aLuArDBb0Qw5EC,USER,2022-10-03T23:43:32.333477,2022-10-03T23:43:32.333477,,
81,josiah.kuhic@yahoo.test,$2a$10$9pSqAemV3oTJWSH7iz..m.rXeKqMBNhFfVQvs3p9qqDtxG1rCn4jq,USER,2022-10-03T23:43:32.334663,2022-10-03T23:43:32.334663,,
82,avery.sipes@yahoo.test,$2a$10$THUpS7PJ1yvXd60K5W4HMuzPflY1xYivI96OfUfNtqB975/U.MLv2,USER,2022-10-03T23:43:32.335858,2022-10-03T23:43:32.335858,,
83,jeanne.buckridge@gmail.test,$2a$10$clk5D8siDo1Cs.x4y0oRseTVUxiy2pCn6cQFXj6K6fKb3iDimlAz6,USER,2022-10-03T23:43:32.337251,2022-10-03T23:43:32.337251,,
84,dawna.hartmann@hotmail.test,$2a$10$lTMWNvLVUhzsvPYWAzJmturm8s1N4j4Y2eP7q.aV1/09SRmJ2DS9O,USER,2022-10-03T23:43:32.338395,2022-10-03T23:43:32.338395,,
85,opal.veum@yahoo.test,$2a$10$TMusrEJklEQ2VYvopzF0FO6JAoVd05pdDL0/74l2s6eykl35RL97i,USER,2022-10-03T23:43:32.339991,2022-10-03T23:43:32.339991,,
86,iraida.hahn.cpa@yahoo.test,$2a$10$dCRqy83TO2POzihP1fd/b.Bug566v3JDr6RWrOgdY6RCIza0jojQe,USER,2022-10-03T23:43:32.342584,2022-10-03T23:43:32.342584,,
87,amb.reynaldo.hagenes@gmail.test,$2a$10$Mn5zhnLeeJPtkz6AVbWq5e.JgSUy5QdqrMCZRA5Syy/qiO7Q83/ey,USER,2022-10-03T23:43:32.344121,2022-10-03T23:43:32.344121,,
88,keven.nolan@hotmail.test,$2a$10$qGnW6WkbHVh1BEwWAUzmTO4EGzxhOBNZ5/eVP0YgH.czYpbI9XqPO,USER,2022-10-03T23:43:32.345295,2022-10-03T23:43:32.345295,,
89,jenise.franecki@gmail.test,$2a$10$XIvRzsPBEvRTCu4pGy54q.edQZAGobQDNUF281u6nPx.gcYAYF2KW,USER,2022-10-03T23:43:32.346470,2022-10-03T23:43:32.346470,,
90,jill.dach@yahoo.test,$2a$10$F4aVqJMyZOQ2OkXRBxsA5.3fZQSSwZlcrjSSfG05tW9iiDzOGzaDC,USER,2022-10-03T23:43:32.347549,2022-10-03T23:43:32.347549,,
91,danny.mitchell@yahoo.test,$2a$10$M8A2P.ubj9bzhDAWfcrsLudwt8Ms85mA1q6cUkItx4O3TWHOqJJPq,USER,2022-10-03T23:43:32.348667,2022-10-03T23:43:32.348667,,
92,hsiu.botsford.i@yahoo.test,$2a$10$wIKHI49ZTRwctI0x.EGUF.q6UepaRaOYs7st8s0OZSqpKz.sxOjWG,USER,2022-10-03T23:43:32.349836,2022-10-03T23:43:32.349836,,
93,lewis.fadel@hotmail.test,$2a$10$jwCOfgsL/cMJyicUIod2auXWW9I7/ru6lTEnPRdQr7m0z0DiAh8Cm,USER,2022-10-03T23:43:32.351055,2022-10-03T23:43:32.351055,,
94,lurline.lemke@hotmail.test,$2a$10$UWp6ozZZ84.g4wCTUHFSYexit5rm/5TBQn.Gl/xWeMGEV8mks1n.2,USER,2022-10-03T23:43:32.352232,2022-10-03T23:43:32.352232,,
95,asa.morissette@gmail.test,$2a$10$NORyoMi9xmzPKUzlYXk.wu5HspjMMueUa0WVwsXv9viDLcahsmsDK,USER,2022-10-03T23:43:32.353404,2022-10-03T23:43:32.353404,,
96,laura.hoppe.jr@yahoo.test,$2a$10$0GEWF7Mfzc3pciqoZPh8/.C6GSPDd9Fy7T9aN.BiVSxceA1okBTS2,USER,2022-10-03T23:43:32.354825,2022-10-03T23:43:32.354825,,
97,art.barton@gmail.test,$2a$10$qCQE3qwcdoK0VVHTVDaCAOPpZ4WgejmnlGyoq37NeVV7DNnrypB7u,USER,2022-10-03T23:43:32.355962,2022-10-03T23:43:32.355962,,
98,wilson.kozey@yahoo.test,$2a$10$Cg1d/ZLn7TwgmaWRVrJTDuG/B7EcKYPVJfIGp4Oq6COKrjAII2kri,USER,2022-10-03T23:43:32.358977,2022-10-03T23:43:32.358977,,
99,veta.oberbrunner@yahoo.test,$2a$10$4HrvWJ/vZQc6lhjsjrqTPusYOgptwd0wtGxahM9N1pLTqLqo6UHwG,USER,2022-10-03T23:43:32.360393,2022-10-03T23:43:32.360393,,
100,neoma.sawayn@yahoo.test,$2a$10$ImCmxJUmM4.4JHHbX/L8FuyFBCif2anuRRB9jt6/DH.lIenlD418.,USER,2022-10-03T23:43:32.362272,2022-10-03T23:43:32.362272,,
